"","MPG","Weight","Cylinders","Gears","Displacement","Horsepower","AxleRatio","NVratio","Transmission","DriveSystem","FuelType"
"1",19.5,5000,6,8,3.6,308,3.42,25.4,"A","R","Unleaded"
"2",34.9,3375,4,7,1.6,175,3.17,30.5,"SA","F","Unleaded"
"3",18,5500,8,8,4.4,567,3.15,24.1,"SA","A","Unleaded"
"4",23.4,4750,4,6,2.3,275,3.36,29.5,"A","F","Unleaded"
"5",21.7,4500,6,6,3.3,290,3.04,28,"A","F","Unleaded"
"6",24.8,3750,4,6,2,272,3.27,36.2,"M","R","Unleaded"
"7",28,4500,4,6,2.5,227,4.41,30.5,"A","F","Unleaded"
"8",17.4,5500,8,8,5.7,360,3.09,23.7,"A","R","Unleaded"
"9",23.3,4750,6,8,2.995,354,3.2,25.9,"SA","A","Unleaded"
"10",32.3,3250,4,6,2,164,3.06,33.3,"SA","F","Unleaded"
"11",38.3,4750,6,7,3.5,310,3.58,28.7,"SA","A","Unleaded"
"12",25.1,4500,6,9,2.996,329,2.82,22,"A","R","Unleaded"
"13",30.2,3500,4,6,1.984,220,3.44,30.9,"SA","F","Unleaded"
"14",26.8,4500,4,9,1.991,241,3.27,23.3,"A","R","Unleaded"
"15",18.5,3625,6,7,4,500,3.97,56.2,"SA","R","Unleaded"
"16",13,6000,12,7,5.98,621,3.6,29.7,"A","R","Unleaded"
"17",17.6,6000,6,6,3.7,275,4.1,35.1,"SA","R","Unleaded"
"18",32.2,3250,4,6,2,160,3.06,33.3,"SA","F","Unleaded"
"19",23.6,4250,6,7,3,300,2.94,29.1,"SA","R","Unleaded"
"20",26.2,4500,4,7,2,239,4.67,43.8,"SA","R","Unleaded"
"21",18,6000,6,6,3.5,365,3.31,28.4,"SA","R","Unleaded"
"22",63.9,3750,4,6,1.6,104,4.19,45.8,"SA","F","Unleaded"
"23",27.3,3625,4,6,2.4,180,2.38,30.1,"M","F","Unleaded"
"24",33.4,3375,4,6,2,189,3.5,33.2,"SA","F","Unleaded"
"25",20.2,4500,6,5,4,261,3.13,30.1,"A","R","Unleaded"
"26",18.4,4500,8,8,5,470,2.56,21.5,"SA","4","Unleaded"
"27",18.1,6000,6,6,3.6,303,3.16,28.9,"SA","F","Unleaded"
"28",64.9,3375,4,1,1.798,96,2.83,20,"CVT","F","Unleaded"
"29",24.9,4000,4,6,2,237,3.32,32.2,"SA","A","Unleaded"
"30",29.6,5250,6,8,3,255,3.15,24.1,"SA","R","Diesel"
"31",26.2,4250,4,9,2.4,184,1.79,21.9,"A","A","Unleaded"
"32",34.2,3375,4,7,2,152,3.7,25.3,"CVT","F","Unleaded"
"33",26.5,4500,6,8,3,300,3.23,27.9,"SA","R","Unleaded"
"34",33.1,5000,4,8,1.969,313,3.33,26.7,"SA","A","Unleaded"
"35",31.6,3625,4,6,2.4,185,2.89,29.6,"SA","F","Unleaded"
"36",16.5,6500,8,7,5.6,400,2.94,24,"SA","R","Unleaded"
"37",22.4,3750,6,6,3,365,3.08,24.2,"M","R","Unleaded"
"38",18.4,4000,6,7,3,425,3.46,30,"SA","R","Unleaded"
"39",36.5,2875,4,6,1.6,130,3.07,33.8,"A","F","Unleaded"
"40",15.4,5500,8,6,5.7,390,3.55,25.2,"A","R","Unleaded"
"41",36.7,4750,6,1,3.456,295,3.36,17.3,"CVT","R","Unleaded"
"42",21.2,4000,4,5,2.5,152,3.69,37.1,"A","R","Unleaded"
"43",30.4,3375,4,6,2,160,3.38,34.5,"SA","F","Unleaded"
"44",28.2,3500,4,6,1.984,292,3.44,40.9,"SA","F","Unleaded"
"45",31,3250,4,6,2,160,3.27,33.6,"SA","F","Unleaded"
"46",14.4,6000,12,8,5.998,616,2.85,24.9,"SA","F","Unleaded"
"47",21.4,4750,6,6,3.456,278,4.3,34.8,"M","R","Unleaded"
"48",19.8,5500,8,8,4.4,443,3.15,24.2,"SA","R","Unleaded"
"49",30.2,3875,4,8,2,280,3.15,26.9,"A","R","Unleaded"
"50",24.3,4750,6,1,3.5,295,5.25,23.6,"CVT","F","Unleaded"
"51",18.7,6000,8,8,5.3,345,3.42,24.2,"A","R","Unleaded"
"52",20.1,5000,6,6,3.5,290,3.65,31.8,"A","A","Unleaded"
"53",27.7,3750,4,6,1.798,170,3.33,35.6,"A","A","Unleaded"
"54",33.7,4500,6,7,3.5,302,2.61,26.1,"SA","R","Unleaded"
"55",14.4,6000,8,7,5.461,563,3.58,29.7,"A","R","Unleaded"
"56",24.1,4750,6,8,3.456,295,3,24.8,"A","F","Unleaded"
"57",31.5,3125,4,6,1.8,138,3.47,35.5,"SA","F","Unleaded"
"58",26,4250,4,6,2.4,185,3.65,33.9,"SA","A","Unleaded"
"59",18.9,4250,8,10,5,460,3.15,29,"SA","R","Unleaded"
"60",21.5,5000,6,8,3.3,365,3.54,24.7,"SA","R","Unleaded"
"61",22.2,4250,6,8,2.894,450,3.2,27.2,"SA","A","Unleaded"
"62",20.5,4000,8,6,6.2,455,3.73,23.4,"M","R","Unleaded"
"63",14.3,6000,12,8,6.6,624,2.81,21.5,"SA","R","Unleaded"
"64",19.5,4250,6,8,2.9,503,3.09,26.6,"A","R","Unleaded"
"65",32.8,3125,4,6,1.8,138,3.47,35.6,"SA","F","Unleaded"
"66",28.7,3750,4,8,2,181,3.15,28,"A","R","Unleaded"
"67",29.3,3875,4,7,1.991,355,2.44,27.2,"SA","R","Unleaded"
"68",34.7,3250,4,6,2,146,4.32,33.8,"SA","F","Unleaded"
"69",25,4750,6,8,3,335,3.08,24.6,"SA","R","Unleaded"
"70",22.1,4750,6,8,3,340,3.73,28.7,"SA","4","Unleaded"
"71",34,3625,4,6,1.4,148,3.53,33.6,"SA","F","Unleaded"
"72",21,5000,6,6,3.3,282,3.73,27.9,"SA","R","Unleaded"
"73",26.3,3875,6,6,3.456,268,3.46,28.1,"A","F","Unleaded"
"74",23.9,4500,6,8,3,355,3.38,28.2,"SA","A","Unleaded"
"75",27.4,4500,4,8,1.969,316,3.33,27.4,"SA","F","Unleaded"
"76",31.2,3250,4,6,2,161,3.27,35.3,"SA","F","Unleaded"
"77",20.7,5000,6,6,3.3,276,3.2,29.5,"SA","F","Unleaded"
"78",19,5000,6,6,3.7,304,3.65,32.9,"A","F","Unleaded"
"79",18.4,5250,6,8,3.6,308,3.42,25.7,"A","R","Unleaded"
"80",29.5,3250,4,6,2,189,3.56,41.6,"M","F","Unleaded"
"81",20.6,4000,8,8,6.2,455,2.77,22.6,"SA","R","Unleaded"
"82",20.6,6000,6,9,2.996,362,3.27,22.1,"A","R","Unleaded"
"83",28.3,3500,4,6,2,189,3.6,40.6,"M","F","Unleaded"
"84",35,3375,4,6,1.5,160,3.23,31.7,"A","F","Unleaded"
"85",17.6,4750,8,7,3.9,602,3.88,29.9,"SA","R","Unleaded"
"86",30.6,3125,4,6,2,200,4.1,33.5,"SA","R","Unleaded"
"87",34.9,3375,4,6,1.6,188,4.44,39.5,"M","F","Unleaded"
"88",30.6,3625,4,8,2,189,3.2,29.6,"SA","F","Unleaded"
"89",28.8,3750,4,10,2,252,3.55,24,"SA","F","Unleaded"
"90",22.4,4250,4,6,2.3,275,3.51,33.4,"SA","F","Unleaded"
"91",30.9,3625,4,1,2,131,4.83,26.8,"CVT","F","Unleaded"
"92",25.6,4250,6,9,3.2,271,1.56,9.1,"A","F","Unleaded"
"93",18.2,5250,8,10,5,395,3.31,22.8,"SA","4","Unleaded"
"94",25.5,4500,4,6,2.672,185,4.36,31,"A","F","Unleaded"
"95",22.5,5000,4,6,2.3,275,3.51,30.8,"A","A","Unleaded"
"96",21.9,5250,6,7,3.498,302,3.69,32,"A","R","Unleaded"
"97",12.9,3625,6,7,3.5,600,3.61,29.8,"SA","R","Unleaded"
"98",21.5,4500,6,6,3.7,303,3.39,29.5,"A","F","Unleaded"
"99",19.4,3875,4,8,2,268,3.9,28.5,"CVT","F","Unleaded"
"100",57.4,4000,4,1,2.494,154,3.54,24.4,"CVT","F","Unleaded"
"101",18.7,4000,8,6,5,460,3.55,29,"M","R","Unleaded"
"102",22.6,4500,6,6,3.6,305,2.77,25.7,"SA","F","Unleaded"
"103",23.9,4250,4,6,2.5,169,3.21,32.7,"SA","F","Unleaded"
"104",34.7,3125,4,6,1.4,138,3.23,33.6,"SA","F","Unleaded"
"105",30.7,3875,4,9,1.991,241,3.07,24.7,"A","R","Unleaded"
"106",19.6,6500,6,10,3.5,450,3.73,25.7,"A","R","Unleaded"
"107",26.2,3750,4,6,2,189,4.1,37.5,"M","F","Unleaded"
"108",20.8,5500,6,10,3.5,375,3.73,25.7,"A","R","Unleaded"
"109",24.8,3875,4,6,1.984,200,3.45,30.9,"SA","A","Unleaded"
"110",22.7,4750,6,8,3,375,3.73,28.6,"SA","4","Unleaded"
"111",17.2,5250,8,8,3,345,3.27,23.1,"A","R","Unleaded"
"112",28.7,4000,4,8,2,228,3.2,29.4,"SA","A","Unleaded"
"113",13.7,6000,8,8,6.2,707,3.7,42.3,"A","4","Unleaded"
"114",39.2,3125,4,6,2,147,3.06,33.2,"SA","F","Unleaded"
"115",41.3,5000,6,1,3.456,259,3.54,21.4,"CVT","F","Unleaded"
"116",19.6,3750,8,7,6.2,455,3.42,21.4,"M","R","Unleaded"
"117",65.7,3500,4,6,1.6,104,3.23,33.3,"SA","F","Unleaded"
"118",26.2,4000,4,6,2,240,3.32,32.2,"SA","F","Unleaded"
"119",30.4,3750,4,6,1.5,169,3.07,30.2,"SA","F","Unleaded"
"120",18.5,6000,6,6,4.3,285,3.42,24.9,"A","R","Unleaded"
"121",44.7,2375,3,5,1.193,78,4.06,50.6,"M","F","Unleaded"
"122",18.3,3875,8,7,6.2,650,3.42,20.1,"M","R","Unleaded"
"123",25.3,4250,4,8,1.969,362,3.33,29,"SA","F","Unleaded"
"124",33.3,5500,4,8,1.969,313,3.33,26.6,"SA","A","Unleaded"
"125",30.3,3625,4,6,2.4,185,2.89,29.6,"SA","F","Unleaded"
"126",28.6,3625,4,9,2,260,2.89,23.2,"A","F","Unleaded"
"127",71.3,3750,4,1,2.487,176,3.19,19.5,"CVT","F","Unleaded"
"128",37.6,2750,4,6,1.6,130,4.06,40.6,"M","F","Unleaded"
"129",34.3,3000,4,6,2,158,4.1,38.5,"M","F","Unleaded"
"130",16.7,5500,8,7,5.461,577,3.69,30,"A","R","Unleaded"
"131",15.7,5500,8,8,6.4,470,3.7,28.3,"A","R","Unleaded"
"132",29,4000,4,7,2,208,2.94,29.9,"SA","R","Unleaded"
"133",21.2,3875,6,7,3.8,607,3.44,41.3,"SA","R","Unleaded"
"134",12.9,7000,8,7,3.982,416,5.38,37.5,"A","R","Unleaded"
"135",18.7,5000,8,8,5,420,3.54,25.6,"SA","R","Unleaded"
"136",32.3,3875,4,6,2.5,175,3.9,29.2,"CVT","F","Unleaded"
"137",30.5,3250,4,5,2,152,4.11,42.5,"M","F","Unleaded"
"138",82.5,3250,4,1,1.798,96,2.83,20,"CVT","F","Unleaded"
"139",28.1,3625,3,6,1.5,134,4.06,37.5,"M","F","Unleaded"
"140",23.5,4500,6,8,3.8,311,3.54,25.6,"SA","R","Unleaded"
"141",25.4,4000,6,8,3.3,290,3.32,27.9,"SA","F","Unleaded"
"142",39.7,2625,4,1,1.4,84,3.76,31.1,"CVT","F","Unleaded"
"143",30.6,4000,4,6,2.5,187,4.62,33.3,"A","F","Unleaded"
"144",22.2,4750,6,6,2.7,325,2.77,25.5,"A","F","Unleaded"
"145",37.6,2875,4,6,1.5,130,4.62,49,"M","F","Unleaded"
"146",29,3875,4,8,2,248,3.32,28.5,"SA","F","Unleaded"
"147",24.1,4250,4,6,2,245,3.51,33.4,"SA","F","Unleaded"
"148",22.3,4750,6,6,3.3,276,3.04,28.2,"SA","F","Unleaded"
"149",28.3,4000,4,8,1.998,241,2.94,27.8,"A","R","Unleaded"
"150",61.7,3875,4,1,2.487,176,3.19,19.2,"CVT","F","Unleaded"
"151",21.6,4500,6,6,3.5,285,3.39,31,"SA","A","Unleaded"
"152",25.5,4750,4,9,2,262,3.49,24.2,"A","F","Unleaded"
"153",35.7,4500,4,8,2,180,3.23,26.6,"SA","R","Unleaded"
"154",35.9,3875,4,6,1.6,136,2.89,26.3,"A","F","Diesel"
"155",25.8,3875,6,9,2.996,362,2.82,23.5,"A","R","Unleaded"
"156",21.7,4250,8,9,4.664,449,2.65,21.4,"A","R","Unleaded"
"157",32.5,4250,4,7,1.984,252,4.41,22.4,"SA","F","Unleaded"
"158",25.6,3625,4,6,1.984,292,3.09,39.4,"M","A","Unleaded"
"159",20.4,4500,8,7,5.6,420,2.61,25.6,"SA","R","Unleaded"
"160",21.6,6000,6,10,3.5,375,3.15,21.7,"A","R","Unleaded"
"161",31.6,3375,3,6,1.5,134,3.88,44,"M","F","Unleaded"
"162",25.1,4250,6,10,3.5,310,3.55,22.3,"SA","F","Unleaded"
"163",34.4,3500,4,1,1.6,188,5.69,29,"CVT","F","Unleaded"
"164",23,4250,6,6,3.456,311,3.77,28.9,"A","R","Unleaded"
"165",29.4,3750,4,6,2,160,3.51,35.4,"SA","F","Unleaded"
"166",23.6,4250,6,8,3.3,365,3.54,26.2,"SA","R","Unleaded"
"167",16.9,5500,8,7,5.461,518,3.47,30,"A","R","Unleaded"
"168",33.1,3125,4,5,1.8,138,3.94,41.6,"M","F","Unleaded"
"169",23.3,4500,4,6,2.694,159,4.3,28.3,"A","R","Unleaded"
"170",25.3,4500,6,9,2.996,329,2.82,22,"A","R","Unleaded"
"171",19.4,4750,8,8,4.4,448,2.81,23.6,"SA","R","Unleaded"
"172",32.2,3250,4,6,2,161,3.27,33.6,"SA","F","Unleaded"
"173",24.6,3500,4,6,2.5,345,3.89,46.8,"M","R","Unleaded"
"174",27.7,3750,4,9,2.4,184,1.79,22.7,"A","F","Unleaded"
"175",20.2,5000,6,6,3,393,3.39,31.5,"A","F","Unleaded"
"176",36,2750,4,5,1.6,109,4.07,47.8,"M","F","Unleaded"
"177",20.5,4500,6,6,3.5,280,3.39,30,"A","A","Unleaded"
"178",18.8,4000,8,7,3.982,550,3.88,31,"A","R","Unleaded"
"179",27.6,4500,4,8,1.984,238,3.6,30.1,"SA","F","Unleaded"
"180",29.1,4500,4,8,2,248,2.81,24.1,"SA","R","Unleaded"
"181",15.8,6000,8,8,6.4,470,3.7,28.3,"A","R","Unleaded"
"182",19.4,5250,8,10,5,395,3.31,22.8,"SA","R","Unleaded"
"183",20.3,5000,6,5,3.956,270,3.73,29.3,"A","R","Unleaded"
"184",28.4,4000,4,8,1.969,302,3.08,27.2,"SA","F","Unleaded"
"185",14.9,6000,12,8,5.95,600,2.85,20.7,"SA","A","Unleaded"
"186",30.2,3875,3,8,1.5,134,3.75,32.1,"SA","F","Unleaded"
"187",32.8,3375,4,6,2,147,3.65,37.3,"SA","A","Unleaded"
"188",28.2,3875,6,8,3.456,301,2.56,22.6,"A","F","Unleaded"
"189",27.6,4000,6,8,3,335,2.81,25.2,"SA","R","Unleaded"
"190",27.9,3750,4,8,2,189,3.2,29.6,"SA","F","Unleaded"
"191",27.2,3750,4,6,2,164,3.65,35.7,"SA","A","Unleaded"
"192",25.1,4000,6,7,3,300,2.94,29.5,"SA","R","Unleaded"
"193",27.4,4500,4,8,1.969,316,3.2,28,"SA","F","Unleaded"
"194",35.5,3500,4,1,2.5,179,4.83,24.4,"CVT","F","Unleaded"
"195",35.8,3250,4,6,2,155,3.85,35.4,"M","F","Unleaded"
"196",18.9,4750,8,9,3.982,604,3.06,23.6,"A","R","Unleaded"
"197",21,4750,6,6,3.5,290,3.39,29.6,"A","A","Unleaded"
"198",24.2,4750,6,8,3.456,295,3.33,26.1,"A","F","Unleaded"
"199",36.6,3375,4,1,2,152,3.7,25.4,"CVT","F","Unleaded"
"200",23.5,4500,6,6,3.456,278,3.91,25.7,"A","R","Unleaded"
"201",47.8,3875,4,6,1.395,150,3.75,33.6,"SA","A","Unleaded"
"202",33.8,3125,4,6,1.6,175,3.82,39.1,"M","F","Unleaded"
"203",28,3750,4,7,1.984,292,3.3,31.2,"SA","A","Unleaded"
"204",27.9,3875,4,9,2,260,2.89,23.3,"SA","F","Unleaded"
"205",21.7,4500,6,6,3.5,280,3.16,27.6,"A","F","Unleaded"
"206",29.2,4500,4,7,1.982,252,5.3,24.7,"SA","F","Unleaded"
"207",22,5000,6,6,3.5,285,3.39,30,"SA","F","Unleaded"
"208",13.6,6500,8,8,6.752,530,2.92,22.3,"SA","R","Unleaded"
"209",21.1,4000,6,8,3.6,455,2.85,25.1,"SA","R","Unleaded"
"210",19.8,4750,6,8,3,405,2.8,23.9,"A","A","Unleaded"
"211",27.9,4500,4,8,1.969,250,3.33,26.7,"SA","F","Unleaded"
"212",23,5000,8,8,4,550,3.15,40.4,"SA","R","Unleaded"
"213",33.6,3250,4,6,2,189,3.5,33.4,"SA","F","Unleaded"
"214",35.7,2875,4,5,1.6,120,4.07,45.3,"M","F","Unleaded"
"215",21.6,4750,8,9,4.664,402,2.47,20,"A","R","Unleaded"
"216",37.3,3125,4,1,1.798,132,4.76,26.4,"CVT","F","Unleaded"
"217",27.8,4250,4,8,1.984,186,3.33,30.7,"SA","A","Unleaded"
"218",15.6,6500,8,6,5.663,381,4.3,27.3,"A","R","Unleaded"
"219",24.1,4500,6,6,3.5,280,4.25,27.6,"A","F","Unleaded"
"220",28.6,4750,4,8,1.969,250,3.33,26.7,"SA","F","Unleaded"
"221",36.2,3375,4,1,1.6,188,5.69,30,"CVT","F","Unleaded"
"222",37.6,3625,4,7,1.5,193,5.36,28.2,"CVT","F","Unleaded"
"223",26.6,3875,4,6,2,248,3.91,35.2,"M","R","Unleaded"
"224",21.2,4750,6,8,3.8,311,3.91,27.5,"SA","R","Unleaded"
"225",30.7,4000,4,8,2,250,3.42,30.4,"SA","A","Unleaded"
"226",27.9,4000,4,8,2,189,3.2,27.5,"SA","F","Unleaded"
"227",78,3375,4,1,1.798,96,2.83,20,"CVT","F","Unleaded"
"228",29,3500,4,6,2,152,4.44,41.8,"M","F","Unleaded"
"229",27.2,3875,4,10,2.3,310,3.15,25.5,"SA","R","Unleaded"
"230",28.1,4000,4,6,2,245,3.07,29.3,"SA","F","Unleaded"
"231",24.6,4250,6,9,3.5,290,3.52,21.8,"SA","F","Unleaded"
"232",29.2,3875,6,8,3.456,301,2.56,23,"A","F","Unleaded"
"233",25.8,4250,6,8,3,335,2.93,24.5,"SA","R","Unleaded"
"234",30,3625,4,6,1.998,148,6.03,28.8,"CVT","F","Unleaded"
"235",40.3,4500,6,1,3.456,286,3.27,18,"CVT","R","Unleaded"
"236",38.1,3625,4,8,2.487,203,2.8,25.1,"A","F","Unleaded"
"237",15.8,4000,10,7,5.204,630,3.94,42.8,"SA","A","Unleaded"
"238",18.6,6000,6,10,3.5,450,4.1,26.4,"SA","R","Unleaded"
"239",25.6,3875,6,9,3.5,290,3.52,21.9,"SA","F","Unleaded"
"240",21.9,4750,6,8,3.8,311,3.91,28.3,"SA","R","Unleaded"
"241",22,5500,8,8,5.3,345,3.08,22.4,"A","R","Unleaded"
"242",24.3,4000,4,5,2.5,152,4.08,39.7,"M","R","Unleaded"
"243",40.1,3125,4,1,2,153,4.68,26.4,"CVT","F","Unleaded"
"244",24.8,4750,6,8,3,320,3.08,24.6,"SA","R","Unleaded"
"245",38.2,2875,4,6,1.5,128,4.62,49.8,"M","F","Unleaded"
"246",29.7,3375,4,6,2,228,3.5,33.1,"SA","F","Unleaded"
"247",40.8,3250,4,1,1.5,174,4.81,26.4,"CVT","F","Unleaded"
"248",34.8,3375,4,6,1.798,137,4.21,41,"M","F","Unleaded"
"249",30.4,3750,3,8,1.5,134,3.75,34.7,"SA","F","Unleaded"
"250",21.3,4750,6,6,3.7,305,3.16,29.1,"A","F","Unleaded"
"251",31.9,3250,4,5,2,160,3.82,42,"M","F","Unleaded"
"252",19.5,5000,8,8,5,420,3.54,24.7,"SA","R","Unleaded"
"253",21,4750,6,5,3.956,270,3.73,29.2,"A","R","Unleaded"
"254",19.8,4750,8,7,4.4,553,3.15,27,"SA","R","Unleaded"
"255",36.1,3250,3,6,1,123,3.44,35.2,"SA","F","Unleaded"
"256",23.1,5000,6,9,2.996,362,2.82,21.2,"A","R","Unleaded"
"257",31.2,3750,4,7,2,155,2.65,28.5,"SA","F","Unleaded"
"258",15.7,4500,8,6,4.7,454,3.54,30.5,"A","R","Unleaded"
"259",18.9,4750,6,5,4,261,3.13,30.1,"A","R","Unleaded"
"260",25.1,4500,4,6,2,252,3.17,29.2,"A","F","Unleaded"
"261",39.6,3125,4,1,2,158,4.68,26.4,"CVT","F","Unleaded"
"262",30.1,3750,4,6,2.494,176,3.82,28.7,"A","F","Unleaded"
"263",21.9,5000,6,8,3,300,3.15,25,"SA","R","Unleaded"
"264",13.8,4750,12,7,6.3,680,3.88,29.9,"SA","R","Unleaded"
"265",24.3,4250,6,7,3,300,2.94,29.1,"SA","R","Unleaded"
"266",21.1,5250,6,8,3.6,420,2.92,41.4,"SA","A","Unleaded"
"267",27.4,3875,4,6,2,245,2.89,29.5,"SA","F","Unleaded"
"268",19.2,5250,6,6,3.5,355,3.16,27.1,"SA","F","Unleaded"
"269",28.7,2750,4,6,1.8,237,2.56,21.7,"SA","R","Unleaded"
"270",26.5,3875,4,6,2.4,181,3.2,31.1,"SA","A","Unleaded"
"271",26.8,4000,4,6,2.4,185,3.51,32.6,"SA","F","Unleaded"
"272",26.4,3625,4,6,2,248,3.91,37,"M","R","Unleaded"
"273",19.1,5250,8,8,5,420,3.54,24.7,"SA","R","Unleaded"
"274",24.9,4000,6,1,3.6,256,4.11,25.7,"CVT","F","Unleaded"
"275",24.9,4250,4,6,2.5,194,4.1,33.9,"M","R","Unleaded"
"276",24.3,4250,4,6,2,240,3.51,32.6,"SA","A","Unleaded"
"277",19.4,5000,8,7,3.993,450,3.63,27.6,"SA","A","Unleaded"
"278",24.6,3625,6,7,3,420,3.59,43.1,"M","R","Unleaded"
"279",27.5,4000,4,8,2,248,2.81,24,"SA","R","Unleaded"
"280",32.9,3875,4,6,2.5,193,2.64,25.2,"A","F","Unleaded"
"281",22.7,4500,6,9,2.996,362,3.69,26.5,"A","R","Unleaded"
"282",27.2,3750,4,6,2.4,181,3.2,31,"SA","F","Unleaded"
"283",22.8,5000,6,8,3.6,300,3.7,53.7,"SA","A","Unleaded"
"284",27.6,4500,4,8,2,300,3.73,28.7,"SA","A","Unleaded"
"285",24.4,5250,4,6,2.8,181,3.42,25.9,"A","R","Diesel"
"286",59.8,4250,4,1,2,141,2.91,38.4,"CVT","F","Unleaded"
"287",23.2,4000,6,6,3.6,305,2.77,26,"SA","F","Unleaded"
"288",34,3125,4,6,2,189,3.5,33.4,"SA","F","Unleaded"
"289",24.8,4500,6,6,3.5,280,4.25,27.6,"A","F","Unleaded"
"290",16.4,6000,8,6,5.663,381,4.3,27.3,"A","R","Unleaded"
"291",30.7,3500,4,6,1.984,210,3.14,32.3,"SA","F","Unleaded"
"292",40.5,3125,4,1,1.798,140,4.76,26.4,"CVT","F","Unleaded"
"293",20.9,4750,6,8,3,340,2.56,21.4,"SA","A","Unleaded"
"294",36.1,2875,4,6,1.6,120,3.9,40.1,"A","F","Unleaded"
"295",25.3,4250,6,7,3,400,3.13,31.7,"SA","R","Unleaded"
"296",25,3625,4,6,2,272,3.27,31.1,"M","R","Unleaded"
"297",17.1,4500,12,7,5.98,621,2.65,25,"A","R","Unleaded"
"298",20.4,5500,8,9,3.982,463,2.65,19.9,"A","R","Unleaded"
"299",23.3,4750,6,9,3.5,280,4.33,25.2,"SA","F","Unleaded"
"300",54.2,4000,4,6,2,154,3.51,36,"SA","F","Unleaded"
"301",31,3625,4,6,1.4,138,3.53,33.6,"SA","F","Unleaded"
"302",27.2,3875,4,7,2,155,2.65,28.5,"SA","4","Unleaded"
"303",32.4,3250,4,6,1.8,138,4.71,43.1,"M","F","Unleaded"
"304",58.5,3875,4,1,1.5,100,2.64,55.2,"CVT","F","Unleaded"
"305",22.5,4500,8,9,4.664,402,2.47,20,"A","R","Unleaded"
"306",24.2,4250,6,6,3.5,285,3.16,28.9,"A","F","Unleaded"
"307",21,4750,6,6,3.3,290,3.04,28,"SA","A","Unleaded"
"308",35.7,4250,3,6,1.5,134,3.94,34.1,"SA","A","Unleaded"
"309",24.5,4250,4,6,2,240,3.51,32.6,"SA","A","Unleaded"
"310",19.8,4750,6,5,3.6,290,3.21,29.4,"A","4","Unleaded"
"311",34.4,3375,4,6,2,160,3.85,34.5,"SA","F","Unleaded"
"312",24.3,4750,6,9,3.6,287,1.56,18.8,"A","F","Unleaded"
"313",46,4250,4,1,2.494,112,3.54,22.9,"CVT","F","Unleaded"
"314",19.7,4500,8,10,4.969,471,2.94,21.3,"A","R","Unleaded"
"315",28.7,4250,6,9,3.5,500,3.58,28.9,"SA","A","Unleaded"
"316",22,4500,6,6,3.5,280,3.16,27.6,"A","F","Unleaded"
"317",30.5,4000,4,7,1.6,175,3.58,32.5,"SA","A","Unleaded"
"318",27.1,4250,6,1,3.5,260,4.67,21,"CVT","F","Unleaded"
"319",27.1,4000,4,8,2,228,3.2,27.5,"SA","F","Unleaded"
"320",22,5000,6,8,3.456,295,3,25.2,"A","F","Unleaded"
"321",34.1,2750,4,6,1.4,160,3.45,41.6,"M","R","Unleaded"
"322",21.1,5250,6,8,3.6,290,3.21,23.6,"A","R","Unleaded"
"323",19.1,4250,6,6,3,340,3.31,36.5,"M","4","Unleaded"
"324",24.3,4250,4,6,2,245,3.51,32.9,"SA","F","Unleaded"
"325",33.8,2750,4,6,2,155,3.45,29.4,"A","R","Unleaded"
"326",16.8,6000,8,7,5.6,381,2.94,24.1,"SA","R","Unleaded"
"327",29.2,3625,4,6,2.4,181,3.06,29.8,"SA","F","Unleaded"
"328",34.4,3375,4,7,1.8,138,5.44,29.6,"CVT","F","Unleaded"
"329",17.5,5500,8,8,4.8,520,2.92,38.4,"SA","R","Unleaded"
"330",26.6,3875,4,6,2,240,3.21,31.6,"SA","F","Unleaded"
"331",31.6,3500,3,6,1.5,134,3.68,34.1,"SA","F","Unleaded"
"332",20.4,6000,8,6,5.3,345,3.42,25.2,"A","R","Unleaded"
"333",36,3625,4,1,1.987,145,5.18,26.2,"CVT","F","Unleaded"
"334",18.6,5000,8,8,5.7,390,3.21,23.6,"A","R","Unleaded"
"335",28.5,3625,4,6,2.4,185,2.89,29.5,"SA","F","Unleaded"
"336",19.6,4750,6,8,3,405,2.8,23.9,"A","R","Unleaded"
"337",28.8,3750,3,6,1.5,134,4.06,34.8,"M","F","Unleaded"
"338",29.5,3625,4,6,2,180,3.08,34.1,"M","R","Unleaded"
"339",28,3375,4,6,1.6,201,4.47,39.2,"M","F","Unleaded"
"340",50.9,2375,3,1,1.193,78,3.76,32.1,"CVT","F","Unleaded"
"341",30.6,3750,4,7,1.991,208,2.65,30.6,"SA","F","Unleaded"
"342",20.8,5250,6,6,3.7,270,3.16,28,"SA","A","Unleaded"
"343",34.2,5000,4,8,1.969,313,3.2,27.6,"SA","A","Unleaded"
"344",16.1,5500,12,7,5.98,621,2.65,24.1,"A","R","Unleaded"
"345",25.8,4500,4,6,2,245,3.36,29.5,"A","F","Unleaded"
"346",28.2,3625,6,7,3,370,3.44,41.3,"SA","R","Unleaded"
"347",27,4250,4,8,2,252,3.73,28.1,"SA","R","Unleaded"
"348",25.4,4250,4,6,2,240,3.2,29.4,"SA","F","Unleaded"
"349",23.8,5000,6,8,3.6,295,3.45,26.4,"A","R","Unleaded"
"350",27.7,3875,4,8,2,272,3.27,27,"SA","R","Unleaded"
"351",24.4,4250,6,8,3,335,2.93,24.3,"SA","R","Unleaded"
"352",24,3625,4,6,2.5,361,3.89,46.8,"M","R","Unleaded"
"353",28.2,3875,4,7,1.984,292,3.3,30.6,"SA","F","Unleaded"
"354",26.8,3625,4,6,2,268,4.11,37.5,"M","F","Unleaded"
"355",27,3375,4,6,2,306,4.11,40.6,"M","F","Unleaded"
"356",37.4,3000,3,6,1.5,134,3.42,40.4,"M","F","Unleaded"
"357",27.6,3375,4,6,2,228,3.82,44.2,"M","F","Unleaded"
"358",25,4000,6,8,3.456,311,2.94,26.4,"A","R","Unleaded"
"359",28.5,4000,4,9,1.991,241,3.07,24.8,"A","R","Unleaded"
"360",22.4,4500,6,6,3,425,3.46,38,"M","R","Unleaded"
"361",26.6,4500,4,8,2,250,3.73,28.7,"SA","A","Unleaded"
"362",23.7,4500,6,8,3.3,365,3.54,26.3,"SA","R","Unleaded"
"363",16.7,4250,10,7,5.204,540,3.59,33.4,"SA","A","Unleaded"
"364",29.9,3625,4,10,2,252,3.55,24.7,"SA","F","Unleaded"
"365",20.8,5000,6,6,2.7,325,3.16,29.1,"A","F","Unleaded"
"366",36.7,3125,4,6,1.798,132,4.21,36.5,"M","F","Unleaded"
"367",19.5,6000,6,10,3.5,375,3.31,22.9,"A","R","Unleaded"
"368",18.4,6500,8,8,6.2,425,3.23,22.8,"A","R","Unleaded"
"369",18.7,4000,8,7,3.982,577,3.88,30.5,"A","R","Unleaded"
"370",24.2,4250,6,6,3.456,311,3.77,29,"A","R","Unleaded"
"371",24.2,3750,6,8,3.6,335,2.77,22.9,"SA","R","Unleaded"
"372",43.7,2500,3,5,1.193,78,4.06,50.6,"M","F","Unleaded"
"373",28,3250,4,6,2,189,3.6,41.6,"M","F","Unleaded"
"374",34.9,3125,3,6,1.5,134,3.42,40.3,"M","F","Unleaded"
"375",34.9,4250,6,7,3.5,302,2.61,26.1,"SA","R","Unleaded"
"376",15.3,4500,8,10,6.2,650,2.77,22.6,"SA","R","Unleaded"
"377",24.7,4750,6,8,3,300,3.23,26.9,"SA","R","Unleaded"
"378",27.8,4250,4,8,1.969,240,3.33,28.4,"SA","F","Unleaded"
"379",28,4250,4,6,1.998,235,4.4,32.8,"A","F","Unleaded"
"380",22,4500,6,6,3,393,2.77,26.7,"A","F","Unleaded"
"381",33.6,3875,4,1,2.5,175,3.9,28.8,"CVT","F","Unleaded"
"382",39.9,4250,4,8,2,180,2.73,24.3,"SA","A","Diesel"
"383",27.4,3625,4,9,2.4,180,1.79,22.8,"A","F","Unleaded"
"384",24.5,4750,6,8,3.456,295,3,23.6,"A","F","Unleaded"
"385",41.7,5000,6,1,3.456,259,3.54,21.2,"CVT","F","Unleaded"
"386",24.8,4000,4,6,1.984,200,3.45,30.9,"SA","A","Unleaded"
"387",32.1,3875,4,7,1.6,175,3.58,32.5,"SA","F","Unleaded"
"388",25.8,4500,6,8,3,355,3.38,26.1,"SA","R","Unleaded"
"389",20.8,4750,6,7,3,360,4.4,40.9,"SA","R","Unleaded"
"390",18.5,5500,8,8,5.7,390,3.21,22.8,"A","R","Unleaded"
"391",21.2,4750,6,7,3.6,400,4.67,36.8,"SA","R","Unleaded"
"392",25.2,4500,6,9,3.5,280,4.33,24.3,"SA","F","Unleaded"
"393",23.8,4250,6,8,3.6,310,3.2,24.7,"SA","F","Unleaded"
"394",31.5,3375,4,6,2,161,3.38,34.5,"SA","F","Unleaded"
"395",31.7,4750,4,1,2,265,2.77,24.6,"CVT","R","Unleaded"
"396",24.9,4500,6,8,3,320,3.08,24.6,"SA","R","Unleaded"
"397",22,4250,8,7,3.982,469,2.82,27,"A","R","Unleaded"
"398",39.5,2625,4,4,1.497,106,4.24,43.4,"A","F","Unleaded"
"399",21.3,5000,6,8,3.3,365,3.54,25.6,"SA","R","Unleaded"
"400",35.1,3500,4,7,1.6,178,3.17,30.4,"SA","F","Unleaded"
"401",16.3,6000,8,6,5.663,381,4.3,27.5,"A","R","Unleaded"
"402",33.3,3375,4,7,1.6,201,3.61,35.9,"SA","F","Unleaded"
"403",22,4000,4,5,2.5,152,3.92,37.6,"A","R","Unleaded"
"404",37.5,2750,4,6,1.6,130,4.06,40.6,"M","F","Unleaded"
"405",36.3,3500,4,7,1.6,178,3.17,30.3,"SA","F","Unleaded"
"406",23,5000,6,8,3.6,295,3.45,26.4,"A","4","Unleaded"
"407",25.3,5000,4,8,1.969,316,3.33,26.6,"SA","F","Unleaded"
"408",28.9,4500,4,8,1.969,250,3.33,27.6,"SA","F","Unleaded"
"409",35.6,3750,4,8,2.487,206,2.8,24.7,"A","F","Unleaded"
"410",29.4,5500,4,8,2,240,3.15,24.1,"SA","R","Unleaded"
"411",26.1,4500,4,9,2,250,4.54,26,"SA","A","Unleaded"
"412",33.1,3875,4,1,2.5,170,5.38,25,"CVT","F","Unleaded"
"413",24.4,4500,6,9,2.996,362,3.07,24.5,"A","R","Unleaded"
"414",27.7,4000,4,8,2,272,2.85,25.4,"SA","R","Unleaded"
"415",19.5,6000,8,8,5.3,345,3.42,24.2,"A","R","Unleaded"
"416",33.7,3375,4,6,1.6,188,4.44,38.1,"M","F","Unleaded"
"417",25.7,4250,6,8,3.6,335,3.27,29.1,"SA","R","Unleaded"
"418",27.8,4500,4,8,2,248,3.38,26.1,"SA","A","Unleaded"
"419",19.7,5250,6,6,3.5,355,3.16,28.1,"SA","A","Unleaded"
"420",29.6,3875,4,6,1.984,252,3.56,32.2,"M","A","Unleaded"
"421",27.3,4000,4,9,2.4,184,1.79,22.5,"A","F","Unleaded"
"422",19.4,4750,8,7,5.461,550,2.65,25.9,"A","R","Unleaded"
"423",20.8,5250,8,9,3.982,603,2.82,21,"A","R","Unleaded"
"424",25.1,3625,4,7,2.5,361,3.62,49.6,"SA","R","Unleaded"
"425",27.1,3750,6,1,3.5,300,5.25,26.2,"CVT","F","Unleaded"
"426",28.5,3500,4,7,2,295,3.73,51,"SA","R","Unleaded"
"427",28.6,3750,4,8,2,272,2.85,26.1,"SA","R","Unleaded"
"428",58,4000,4,1,2,141,2.57,34.5,"CVT","F","Unleaded"
"429",36.8,4500,6,7,3.5,302,2.61,25.6,"SA","R","Unleaded"
"430",28.9,3125,4,6,2,228,3.82,44.5,"M","F","Unleaded"
"431",29.3,3625,4,6,2.359,168,6.03,28.8,"CVT","F","Unleaded"
"432",27.2,4500,4,9,2,250,4.54,25.9,"SA","A","Unleaded"
"433",19.7,4750,8,8,5,420,3.54,25.6,"SA","R","Unleaded"
"434",11.9,4000,12,7,6.498,740,2.87,36.6,"SA","R","Unleaded"
"435",40.5,3500,4,9,1.6,136,3.17,27.4,"A","F","Diesel"
"436",27,4250,4,9,1.991,241,3.07,24,"A","R","Unleaded"
"437",20,4750,6,6,3.7,303,3.65,31.7,"SA","A","Unleaded"
"438",17.2,6000,6,6,3.7,275,3.73,32,"SA","R","Unleaded"
"439",21.7,5500,6,9,2.996,385,3.46,24.5,"A","A","Unleaded"
"440",37.3,3250,4,5,1.395,150,3.65,31.6,"M","F","Unleaded"
"441",27,3500,4,7,2.5,345,3.73,51,"SA","R","Unleaded"
"442",24,4750,6,9,2.996,329,2.82,22,"A","R","Unleaded"
"443",27,4250,4,7,2,208,3.13,31.1,"SA","R","Unleaded"
"444",26.5,3750,4,6,2.5,173,3.07,30.2,"A","F","Unleaded"
"445",22.2,4750,6,6,3.456,278,3.91,25.7,"A","R","Unleaded"
"446",30.7,3875,4,6,2.36,166,6.03,28.8,"CVT","F","Unleaded"
"447",25,4000,6,7,3,450,3.59,43.1,"SA","R","Unleaded"
"448",54.3,3750,4,6,2,154,3.32,34.1,"SA","F","Unleaded"
"449",34.8,3750,4,1,1.5,190,5.64,27.6,"CVT","F","Unleaded"
"450",36.7,4250,4,8,2,180,2.93,26,"SA","R","Unleaded"
"451",29.3,3375,4,6,1.6,201,4.47,43.5,"M","F","Unleaded"
"452",29.3,3750,4,6,1.5,169,3.07,30.2,"SA","F","Unleaded"
"453",27.9,4500,4,8,2,250,3.73,28.7,"SA","A","Unleaded"
"454",25.3,4000,4,6,2,240,3.36,33.1,"SA","F","Unleaded"
"455",23.1,5000,6,10,3.5,375,3.15,22.8,"A","R","Unleaded"
"456",38.5,3125,4,6,2,147,3.06,33.1,"SA","F","Unleaded"
"457",28.5,4250,4,6,1.998,235,4.15,31.2,"A","F","Unleaded"
"458",21.8,3875,6,6,3.7,332,3.69,38.3,"M","R","Unleaded"
"459",27.4,5000,4,8,1.969,250,3.33,26.7,"SA","F","Unleaded"
"460",28.3,4250,4,8,1.984,252,3.08,26.9,"SA","F","Unleaded"
"461",18,5000,6,5,4,261,3.36,30.8,"A","R","Unleaded"
"462",23,4500,6,8,3.6,292,3.07,36.6,"A","A","Unleaded"
"463",35,3750,4,7,1.984,190,4.23,22.2,"SA","F","Unleaded"
"464",26,4500,4,7,1.991,208,3.5,32.6,"A","R","Unleaded"
"465",20.3,4500,8,7,3.9,553,3.87,30.4,"SA","R","Unleaded"
"466",26.1,4500,4,9,2,300,4.54,26,"SA","A","Unleaded"
"467",23,5000,6,6,3.3,282,3.73,28.4,"SA","R","Unleaded"
"468",21.7,4750,6,8,3.3,365,3.54,25.6,"SA","R","Unleaded"
"469",23.2,3875,5,7,2.48,400,3.45,29.9,"SA","A","Unleaded"
"470",25.5,3750,4,6,2.5,169,3.21,32.9,"SA","F","Unleaded"
"471",29.4,3625,4,6,2.4,185,2.89,29.5,"SA","F","Unleaded"
"472",34.9,3250,3,6,1.5,134,3.68,35.5,"SA","F","Unleaded"
"473",45.1,4500,4,1,2.494,112,3.54,21.2,"CVT","F","Unleaded"
"474",16.4,3875,8,8,6.2,650,2.41,20.4,"SA","R","Unleaded"
"475",21.7,3625,8,7,6.2,450,3.42,18.5,"M","R","Unleaded"
"476",26.9,4000,4,6,2.4,185,3.51,32.6,"SA","F","Unleaded"
"477",37,3375,4,1,1.798,137,5.05,27.8,"CVT","F","Unleaded"
"478",34.1,3750,4,1,2,145,6.39,31.3,"CVT","F","Unleaded"
"479",26.5,3875,4,6,2,189,4.1,34.8,"M","F","Unleaded"
"480",16.9,5250,8,8,3,424,3.27,23.1,"A","R","Unleaded"
"481",68.2,3375,4,6,1.6,104,3.23,33.3,"SA","F","Unleaded"
"482",21.6,4750,6,6,2.7,325,3.16,27.5,"A","A","Unleaded"
"483",19.2,5000,8,8,4.4,600,2.81,22.6,"SA","R","Unleaded"
"484",23.9,4250,6,8,3.6,292,2.65,22,"A","R","Unleaded"
"485",26.8,4250,6,8,2.995,354,2.85,26,"SA","A","Unleaded"
"486",21.8,4750,6,6,3.6,310,3.16,26.9,"A","F","Unleaded"
"487",23.5,4750,6,1,3.5,295,5.25,23.6,"CVT","F","Unleaded"
"488",25.9,3875,4,6,2,228,4.1,29.4,"M","A","Unleaded"
"489",62.4,4000,4,1,2,141,2.57,33.9,"CVT","F","Unleaded"
"490",26.5,4000,6,9,3.6,310,2.89,22.8,"SA","F","Unleaded"
"491",22.7,4000,6,6,3,322,3.23,36.2,"M","R","Unleaded"
"492",24.9,4000,6,6,3.5,279,4.25,28.5,"SA","F","Unleaded"
"493",20.4,4500,6,6,4,261,3.54,31.1,"M","R","Unleaded"
"494",28.1,4000,4,6,2.5,193,3.5,31.8,"A","F","Unleaded"
"495",28.3,3625,4,6,2.4,184,2.35,29.8,"A","F","Unleaded"
"496",25.7,3125,4,6,2,205,4.3,46,"M","R","Unleaded"
"497",33.2,4750,4,8,2,180,3.23,24.8,"SA","4","Diesel"
"498",20.6,3750,6,6,3.6,335,3.27,31.1,"M","R","Unleaded"
"499",24.7,4250,6,1,3.6,256,4.11,24.3,"CVT","F","Unleaded"
"500",30.1,3875,4,8,2.4,206,4.57,28.6,"SA","F","Unleaded"
"501",31.7,3750,4,1,2.4,186,5.05,24.9,"CVT","F","Unleaded"
"502",24.5,5000,6,1,3.5,284,5.25,23.4,"CVT","F","Unleaded"
"503",38.9,2500,4,5,1.4,84,3.91,44.1,"M","F","Unleaded"
"504",16.7,5500,12,8,6.6,601,2.81,22.6,"SA","A","Unleaded"
"505",75.7,3250,4,6,1.6,104,3.05,32.6,"SA","F","Unleaded"
"506",53.6,3875,4,6,2,154,3.32,34.1,"SA","F","Unleaded"
"507",34.6,3500,4,7,2,152,3.9,25.3,"CVT","F","Unleaded"
"508",25.9,4750,4,6,2.5,227,4.41,30.5,"A","F","Unleaded"
"509",17.7,3875,8,8,6.2,455,2.73,23.1,"SA","R","Unleaded"
"510",16.1,4750,8,8,6.2,707,2.62,21.1,"A","R","Unleaded"
"511",29.2,3750,6,1,3.5,270,4.6,23.2,"CVT","F","Unleaded"
"512",27.8,4250,4,8,2,280,3.73,28.4,"A","R","Unleaded"
"513",23.5,5250,6,8,3,333,3.2,25,"SA","F","Unleaded"
"514",35.9,3375,3,6,1,125,3.44,34.7,"SA","F","Unleaded"
"515",24.8,4250,6,7,3,400,3.13,31.8,"SA","R","Unleaded"
"516",23,4750,6,6,3.5,280,4.25,27.6,"A","F","Unleaded"
"517",23.3,4000,6,6,3,335,3.08,28.7,"M","R","Unleaded"
"518",32.8,3625,4,6,1.984,174,3.23,28.6,"SA","F","Unleaded"
"519",32.4,3875,4,1,2.5,170,5.69,26.6,"CVT","F","Unleaded"
"520",21.5,4750,6,7,3.6,440,4.67,36.8,"SA","R","Unleaded"
"521",31.3,3625,3,6,1.5,134,4.12,43.1,"M","F","Unleaded"
"522",23.6,4250,4,6,2.5,194,4.1,31.7,"A","R","Unleaded"
"523",18,5000,6,5,4,261,3.36,30.8,"A","R","Unleaded"
"524",30,3750,4,8,2,228,3.2,29.4,"SA","F","Unleaded"
"525",43.7,2875,4,1,1.5,128,5.44,32.9,"CVT","F","Unleaded"
"526",32.2,3250,4,6,2,164,3.07,33.2,"SA","F","Unleaded"
"527",21.1,5500,6,6,4.3,285,3.42,25,"A","R","Unleaded"
"528",18.1,5500,8,6,4.608,301,3.91,26.5,"A","R","Unleaded"
"529",20.7,5500,6,8,3,340,3.73,30.5,"SA","4","Unleaded"
"530",24.7,4250,4,6,2.4,185,3.65,33.9,"SA","4","Unleaded"
"531",28.6,4000,4,8,2,248,2.81,25.2,"SA","R","Unleaded"
"532",16.5,4750,8,8,3.993,560,3.08,27.2,"SA","A","Unleaded"
"533",20.5,4750,6,6,3.7,305,3.39,31.2,"A","A","Unleaded"
"534",22.8,5000,6,7,3.498,302,3.69,32,"A","R","Unleaded"
"535",30,4250,4,8,1.969,250,3.2,28,"SA","F","Unleaded"
"536",27.4,4000,4,9,2,252,3.17,23.8,"A","F","Unleaded"
"537",10.4,4750,16,7,7.993,1500,3.64,32.4,"SA","A","Unleaded"
"538",21.2,4500,6,6,3.6,285,3.45,27.5,"M","R","Unleaded"
"539",25.1,4500,6,9,3.5,280,4.33,24.3,"SA","F","Unleaded"
"540",15.5,6000,8,8,3.993,520,2.85,23.4,"SA","A","Unleaded"
"541",37.7,3250,4,1,1.8,124,3.52,27.1,"CVT","F","Unleaded"
"542",18.6,4750,8,5,5.7,359,3.06,30.8,"A","R","Unleaded"
"543",19.8,4000,8,7,3.982,469,3.67,29.6,"SA","R","Unleaded"
"544",20,4750,6,6,3.7,305,3.39,31.5,"A","A","Unleaded"
"545",32.1,5000,4,8,2,255,3.23,26.9,"SA","R","Unleaded"
"546",25.2,4500,6,8,3.456,295,3.33,26.3,"A","F","Unleaded"
"547",30.6,4250,4,8,1.969,250,3.08,26.9,"SA","F","Unleaded"
"548",28,4000,4,8,2,272,3.27,27.4,"SA","R","Unleaded"
"549",22.5,4500,6,6,3.5,285,3.16,28.5,"A","F","Unleaded"
"550",36.1,2750,4,6,1.6,130,4.06,40.6,"M","F","Unleaded"
"551",16.5,4500,12,8,6,568,2.73,23.2,"SA","R","Unleaded"
"552",27,3875,4,6,1.984,220,3.44,30.7,"SA","A","Unleaded"
"553",26.9,3875,4,6,2.5,168,3.51,33.5,"SA","F","Unleaded"
"554",29.9,3625,4,6,2,164,3.51,34.2,"SA","F","Unleaded"
"555",34.4,4500,4,8,2,180,3.23,24.8,"SA","4","Diesel"
"556",37.1,4000,4,8,2,181,2.81,25.1,"SA","R","Diesel"
"557",16.4,6000,8,7,5.461,518,3.47,28.8,"A","R","Unleaded"
"558",42.4,3750,4,8,2,183,2.81,25.1,"SA","R","Diesel"
"559",25,5000,4,6,2.8,181,3.42,26.6,"A","R","Diesel"
"560",33.4,3750,4,6,2.5,170,3.7,26.9,"CVT","F","Unleaded"
"561",24.6,3750,6,7,3,365,3.08,19.2,"SA","R","Unleaded"
"562",27.1,3375,4,6,2,295,3.89,46.8,"M","R","Unleaded"
"563",32.8,3875,4,6,2.5,187,4.33,31.5,"A","F","Unleaded"
"564",43,2750,4,1,1.6,109,3.75,29.6,"CVT","F","Unleaded"
"565",37.1,3250,4,7,1.8,138,5.44,29.6,"CVT","F","Unleaded"
"566",28.2,4250,4,9,1.991,241,3.07,24,"A","R","Unleaded"
"567",33.3,3625,4,6,1.5,170,3.5,31.9,"A","F","Unleaded"
"568",41.6,3250,4,1,1.5,174,4.81,26.7,"CVT","F","Unleaded"
"569",17.4,6000,8,6,4.608,310,3.91,24.7,"A","R","Unleaded"
"570",35.4,3125,4,6,2,147,3.06,33.2,"SA","F","Unleaded"
"571",26.7,3625,4,9,2.4,180,1.79,22.8,"A","F","Unleaded"
"572",25.1,4500,6,9,2.996,329,2.82,22,"A","R","Unleaded"
"573",20.8,4750,6,8,3,345,2.8,23.9,"A","R","Unleaded"
"574",24.1,4250,6,7,3,400,3.13,31,"SA","R","Unleaded"
"575",29.7,3500,4,6,1.984,217,2.62,33.4,"M","F","Unleaded"
"576",27.3,3875,6,7,3,420,3.59,43.1,"SA","R","Unleaded"
"577",25.4,4000,6,6,2.998,224,3.36,29.1,"SA","F","Unleaded"
"578",32,3875,4,9,1.5,170,3.47,26,"A","F","Unleaded"
"579",27.6,3625,4,6,1.984,220,3.44,32.9,"SA","F","Unleaded"
"580",32.5,4250,4,8,2,250,3.42,29.6,"SA","R","Unleaded"
"581",17.3,5500,8,8,5.7,360,3.09,23.7,"A","R","Unleaded"
"582",29.3,4250,4,8,1.984,186,3.33,27.8,"SA","F","Unleaded"
"583",31.7,3500,4,6,1.4,160,2.76,35.7,"M","F","Unleaded"
"584",20.6,4000,8,7,3.9,661,4.37,34.5,"SA","R","Unleaded"
"585",16.9,5500,8,8,4.4,443,3.15,24.2,"SA","R","Unleaded"
"586",29.3,3375,4,5,1.998,148,4.24,43.9,"M","F","Unleaded"
"587",20.8,5000,6,5,3.956,270,3.73,29.2,"A","R","Unleaded"
"588",36.4,3000,3,6,1.5,134,3.68,35.5,"SA","F","Unleaded"
"589",23.4,3875,6,6,3.596,280,3.44,31.1,"SA","F","Unleaded"
"590",26.1,4500,4,8,1.969,250,3.33,26.6,"SA","F","Unleaded"
"591",23.9,4250,6,7,3,300,2.94,29.4,"SA","R","Unleaded"
"592",19.5,5000,6,6,3,393,3.39,31.5,"A","F","Unleaded"
"593",36.7,3625,4,1,1.5,190,5.64,27.6,"CVT","F","Unleaded"
"594",26.3,4500,6,8,3,322,2.93,25,"SA","R","Unleaded"
"595",13.2,6000,12,8,5.998,700,2.85,23.4,"SA","A","Unleaded"
"596",24.8,3750,4,6,2.3,350,4.06,52.2,"M","F","Unleaded"
"597",25.7,3750,4,6,1.984,197,3.45,30.3,"SA","A","Unleaded"
"598",28.1,4250,4,6,1.998,235,4.4,33.4,"A","F","Unleaded"
"599",19.9,4500,6,5,4,261,2.94,28.2,"A","R","Unleaded"
"600",41.6,3250,4,1,1.5,174,4.81,26.7,"CVT","F","Unleaded"
"601",27.9,3375,4,6,1.6,201,4.47,39.2,"M","F","Unleaded"
"602",28.5,4250,4,9,1.991,241,3.07,24.8,"A","R","Unleaded"
"603",29,3500,4,6,2.4,180,2.38,30.8,"M","F","Unleaded"
"604",32.2,3625,4,6,2.4,185,2.89,29.5,"SA","F","Unleaded"
"605",28.5,4000,4,7,2,208,2.94,29.2,"SA","R","Unleaded"
"606",19.5,5000,6,8,3,405,2.8,23.9,"A","R","Unleaded"
"607",30.2,3875,4,1,2,135,4.83,26.1,"CVT","F","Unleaded"
"608",25.3,4000,4,10,2.3,310,3.55,29,"SA","R","Unleaded"
"609",21.5,5000,6,8,3.3,365,3.54,24.7,"SA","A","Unleaded"
"610",17.2,6000,8,7,5.6,381,2.94,24.1,"SA","R","Unleaded"
"611",15.6,4750,8,6,4.7,444,3.73,32.1,"A","R","Unleaded"
"612",28.8,3500,4,6,2,247,4.06,52.4,"M","F","Unleaded"
"613",34.2,3500,4,6,1.5,192,4.11,35.8,"M","F","Unleaded"
"614",15.8,6000,8,7,3.982,416,3.58,29.1,"A","R","Unleaded"
"615",19.5,4750,6,6,3.6,410,3.16,29.2,"SA","F","Unleaded"
"616",19.6,4750,6,6,4,261,3.69,32.5,"M","R","Unleaded"
"617",20.9,4500,8,7,3.982,469,3.06,29.6,"A","R","Unleaded"
"618",41.3,4000,4,8,2,180,2.73,24.3,"SA","R","Diesel"
"619",24.3,4250,6,7,3,300,2.94,29.1,"SA","R","Unleaded"
"620",39.5,3250,3,6,1,123,4.06,38.5,"M","F","Unleaded"
"621",20.2,4750,6,6,3.5,365,2.77,24.9,"SA","F","Unleaded"
"622",37.5,3125,4,6,2,146,4.32,33.8,"SA","F","Unleaded"
"623",16.8,4000,8,6,5.2,526,3.73,30.9,"M","R","Unleaded"
"624",16,4750,8,6,6.2,707,3.7,28,"M","R","Unleaded"
"625",29.1,3750,4,6,2.4,181,3.06,29.8,"SA","F","Unleaded"
"626",21.5,4250,6,5,3.6,292,2.65,27.3,"A","R","Unleaded"
"627",17.3,4500,8,6,6.4,470,3.92,23.5,"M","R","Unleaded"
"628",38.6,3125,4,6,1.4,148,3.14,32.3,"SA","F","Unleaded"
"629",23.1,3750,6,7,3.7,332,3.36,33.8,"SA","R","Unleaded"
"630",17.2,6000,8,7,5.6,400,2.94,23.8,"SA","R","Unleaded"
"631",26.3,4750,6,8,2.9,440,3.36,43.1,"SA","R","Unleaded"
"632",31.4,3625,4,7,1.991,208,2.4,27.5,"SA","F","Unleaded"
"633",22.6,4500,6,9,2.996,362,3.69,26.5,"A","R","Unleaded"
"634",12.9,3500,12,7,6,730,1.64,21.8,"SA","R","Unleaded"
"635",24.6,4250,4,6,2.694,159,4.3,28.3,"A","R","Unleaded"
"636",27.1,3875,4,6,2.3,310,3.31,29.5,"M","R","Unleaded"
"637",19.1,4750,6,6,3.5,365,3.16,28.5,"A","A","Unleaded"
"638",26.1,3625,4,6,1.4,148,3.53,33.6,"SA","F","Unleaded"
"639",22.1,4500,6,7,3.7,330,3.36,32.9,"SA","R","Unleaded"
"640",25.2,4250,6,9,2.996,362,3.07,24.5,"A","R","Unleaded"
"641",30.1,3750,4,6,1.5,169,3.07,30.2,"SA","F","Unleaded"
"642",26.3,4250,4,6,2,245,3.21,28.1,"A","F","Unleaded"
"643",17.8,5000,8,8,3.993,605,3.2,26.3,"SA","A","Unleaded"
"644",21.3,4500,8,7,3.982,469,3.06,29.6,"A","R","Unleaded"
"645",40,2625,4,5,1.497,106,3.72,44.3,"M","F","Unleaded"
"646",21,5000,6,6,2.7,325,3.16,29.4,"A","F","Unleaded"
"647",17.5,4500,8,5,6.2,650,2.85,24.7,"SA","R","Unleaded"
"648",21.9,4250,6,7,3.7,330,3.36,32.9,"SA","R","Unleaded"
"649",29.3,3625,4,6,1.4,138,3.53,33.6,"SA","F","Unleaded"
"650",36.3,3375,4,6,1.395,150,3.23,30.2,"SA","F","Unleaded"
"651",30.1,3250,4,6,2,161,4.47,39.2,"M","F","Unleaded"
"652",31.8,3625,4,8,2,248,2.81,24.8,"SA","R","Unleaded"
"653",41,2625,4,6,1.5,106,4.11,37.6,"M","F","Unleaded"
"654",23.5,4500,6,6,3.5,280,4.25,27.6,"A","F","Unleaded"
"655",32.3,3125,4,6,2,147,4.33,38.4,"M","F","Unleaded"
"656",26.5,4750,6,8,3.456,295,3,23.5,"A","F","Unleaded"
"657",18.6,4500,8,8,6.4,470,3.09,25.2,"A","R","Unleaded"
"658",32.5,3375,4,8,2.4,202,3.94,26.8,"SA","F","Unleaded"
"659",36.7,3125,4,6,1.4,138,3.65,30.9,"M","F","Unleaded"
"660",28.1,3625,4,6,2,252,3.84,33.6,"M","F","Unleaded"
"661",24.1,4750,6,9,3.5,280,4.33,24.3,"SA","F","Unleaded"
"662",23.8,4250,6,6,3.5,279,4.25,28.5,"SA","F","Unleaded"
"663",22.8,4500,6,9,3.2,271,1.68,20,"A","F","Unleaded"
"664",18.9,4750,6,5,4,261,3.36,32.2,"A","R","Unleaded"
"665",68.3,3625,4,1,1.8,122,2.64,28.4,"CVT","F","Unleaded"
"666",25,4000,6,8,3,340,3.15,27.4,"SA","R","Unleaded"
"667",46.3,5250,6,1,3.6,287,3.59,43.3,"CVT","F","Unleaded"
"668",20.7,4250,8,8,4.969,467,2.94,26.2,"A","R","Unleaded"
"669",17.7,6000,6,6,3.5,315,3.31,28.4,"SA","R","Unleaded"
"670",21.7,5250,8,9,3.982,463,2.65,19.9,"A","R","Unleaded"
"671",27.4,4000,4,8,2,252,3.73,28.1,"SA","R","Unleaded"
"672",36.3,2750,4,5,1.6,109,4.07,47.8,"M","F","Unleaded"
"673",15.5,5500,12,7,5.98,621,2.65,23.9,"A","R","Unleaded"
"674",29.8,4000,4,9,1.991,241,3.07,24.7,"A","R","Unleaded"
"675",24.8,4750,6,9,2.996,329,2.82,22,"A","R","Unleaded"
"676",24.5,4750,6,8,2.995,333,3.2,26.8,"SA","F","Unleaded"
"677",24.5,4500,6,6,3.3,282,3.55,28,"SA","R","Unleaded"
"678",18.1,5000,8,8,5,420,3.54,25.7,"SA","R","Unleaded"
"679",27.9,4000,4,6,1.5,180,3.51,33.5,"SA","F","Unleaded"
"680",37.4,4500,4,7,1.991,275,3.06,30,"A","R","Unleaded"
"681",23.5,4750,6,8,3,300,3.23,26.9,"SA","R","Unleaded"
"682",26.2,4000,6,9,3.2,271,1.56,19.6,"A","F","Unleaded"
"683",19.8,4500,8,8,5.7,372,3.08,25,"A","R","Unleaded"
"684",22.8,4500,6,8,3.6,285,3.45,25.6,"A","R","Unleaded"
"685",18,4250,8,6,5,460,3.55,29,"A","R","Unleaded"
"686",30.1,4250,4,8,2,300,3.42,29.6,"SA","R","Unleaded"
"687",15.8,6500,8,8,5.663,383,3.31,25,"A","R","Unleaded"
"688",37,2875,4,6,1.6,130,3.07,33.8,"A","F","Unleaded"
"689",20.6,3875,6,6,3.6,283,2.06,26.7,"A","F","Unleaded"
"690",20.2,4750,6,8,3,405,2.8,23.9,"A","R","Unleaded"
"691",16,3625,6,6,4,500,3.76,51.6,"M","R","Unleaded"
"692",21.4,4750,6,6,3.6,283,2.06,26.4,"A","F","Unleaded"
"693",22.8,4750,6,6,3.3,276,3.04,28.2,"SA","F","Unleaded"
"694",31.2,3875,4,6,1.5,170,3.87,35.3,"A","F","Unleaded"
"695",38.2,4750,4,1,1.998,117,3.43,43.2,"A","A","Unleaded"
"696",20.3,4000,6,6,3.6,455,3.73,31.8,"M","R","Unleaded"
"697",25.8,4750,6,8,3,322,2.81,23.8,"SA","R","Unleaded"
"698",22.7,4500,6,8,3,400,3.27,26.6,"SA","R","Unleaded"
"699",16.7,6500,8,7,5.6,400,2.94,23.8,"SA","R","Unleaded"
"700",66.5,3750,4,1,2.487,176,3.19,19.5,"CVT","F","Unleaded"
